Mon super auteur,Ma super description
,
super_auteur,super gossip
super_auteur,super gossip
super_auteur,super gossip
Carolein,a crée son premier formulaire
Carolein,a crée son deuxième formulaire
Carolein,a crée son deuxième formulaire
hello,Nina est motivé
hehe,Je suis sage
hehe,Je suis sageeee
hehe,Je suis saggge
hehe,Je suis saggge
hehe,Je suis saggge
hehe,Je suis saggge
hehe,Je suis saggge
hehe,Je suis saggge
hehe,Je suis saggge
hehe,Je suis saggge
hehe,Je suis saggge
hehe,Je suis saggge
hehe,Je suis saggge
hehe,Je suis saggge
